ID Vendita,Data Vendita,Prodotto,Categoria,Quantit√†,Prezzo Unitario,Costi
1,2022-01-01,Prodotto A,Categoria 1,71,10,80
2,2022-01-02,Prodotto B,Categoria 2,92,20,250
3,2022-01-03,Prodotto C,Categoria 3,5,15,100
4,2022-01-04,Prodotto D,Categoria 4,3,11,110
5,2022-01-05,Prodotto E,Categoria 5,69,50,500
6,2022-01-06,Prodotto F,Categoria 1,18,75,70
7,2022-01-07,Prodotto G,Categoria 2,1,20,55
8,2022-01-08,Prodotto H,Categoria 3,12,13,80
9,2022-01-09,Prodotto I,Categoria 4,23,35,95
10,2022-01-10,Prodotto L,Categoria 5,71,2,10
11,2022-01-11,Prodotto A,Categoria 1,47,10,80
12,2022-01-12,Prodotto B,Categoria 2,19,20,250
13,2022-01-13,Prodotto C,Categoria 3,6,15,100
14,2022-01-14,Prodotto D,Categoria 4,6,11,110
15,2022-01-15,Prodotto E,Categoria 5,38,50,500
16,2022-01-16,Prodotto F,Categoria 1,100,75,70
17,2022-01-17,Prodotto G,Categoria 2,87,20,55
18,2022-01-18,Prodotto H,Categoria 3,54,13,80
19,2022-01-19,Prodotto I,Categoria 4,44,35,95
20,2022-01-20,Prodotto L,Categoria 5,37,2,10
21,2022-01-21,Prodotto A,Categoria 1,12,10,80
22,2022-01-22,Prodotto B,Categoria 2,13,20,250
23,2022-01-23,Prodotto C,Categoria 3,94,15,100
24,2022-01-24,Prodotto D,Categoria 4,86,11,110
25,2022-01-25,Prodotto E,Categoria 5,26,50,500
26,2022-01-26,Prodotto F,Categoria 1,51,75,70
27,2022-01-27,Prodotto G,Categoria 2,51,20,55
28,2022-01-28,Prodotto H,Categoria 3,31,13,80
29,2022-01-29,Prodotto I,Categoria 4,61,35,95
30,2022-01-30,Prodotto L,Categoria 5,98,2,10
31,2022-01-31,Prodotto A,Categoria 1,51,10,80
32,2022-02-01,Prodotto B,Categoria 2,8,20,250
33,2022-02-02,Prodotto C,Categoria 3,87,15,100
34,2022-02-03,Prodotto D,Categoria 4,10,11,110
35,2022-02-04,Prodotto E,Categoria 5,5,50,500
36,2022-02-05,Prodotto F,Categoria 1,65,75,70
37,2022-02-06,Prodotto G,Categoria 2,52,20,55
38,2022-02-07,Prodotto H,Categoria 3,77,13,80
39,2022-02-08,Prodotto I,Categoria 4,77,35,95
40,2022-02-09,Prodotto L,Categoria 5,24,2,10
41,2022-02-10,Prodotto A,Categoria 1,37,10,80
42,2022-02-11,Prodotto B,Categoria 2,3,20,250
43,2022-02-12,Prodotto C,Categoria 3,42,15,100
44,2022-02-13,Prodotto D,Categoria 4,17,11,110
45,2022-02-14,Prodotto E,Categoria 5,80,50,500
46,2022-02-15,Prodotto F,Categoria 1,6,75,70
47,2022-02-16,Prodotto G,Categoria 2,51,20,55
48,2022-02-17,Prodotto H,Categoria 3,58,13,80
49,2022-02-18,Prodotto I,Categoria 4,7,35,95
50,2022-02-19,Prodotto L,Categoria 5,66,2,10
51,2022-02-20,Prodotto A,Categoria 1,60,10,80
52,2022-02-21,Prodotto B,Categoria 2,32,20,250
53,2022-02-22,Prodotto C,Categoria 3,73,15,100
54,2022-02-23,Prodotto D,Categoria 4,84,11,110
55,2022-02-24,Prodotto E,Categoria 5,89,50,500
56,2022-02-25,Prodotto F,Categoria 1,9,75,70
57,2022-02-26,Prodotto G,Categoria 2,44,20,55
58,2022-02-27,Prodotto H,Categoria 3,94,13,80
59,2022-02-28,Prodotto I,Categoria 4,33,35,95
60,2022-03-01,Prodotto L,Categoria 5,27,2,10
61,2022-03-02,Prodotto A,Categoria 1,36,10,80
62,2022-03-03,Prodotto B,Categoria 2,9,20,250
63,2022-03-04,Prodotto C,Categoria 3,24,15,100
64,2022-03-05,Prodotto D,Categoria 4,65,11,110
65,2022-03-06,Prodotto E,Categoria 5,93,50,500
66,2022-03-07,Prodotto F,Categoria 1,11,75,70
67,2022-03-08,Prodotto G,Categoria 2,13,20,55
68,2022-03-09,Prodotto H,Categoria 3,22,13,80
69,2022-03-10,Prodotto I,Categoria 4,52,35,95
70,2022-03-11,Prodotto L,Categoria 5,88,2,10
71,2022-03-12,Prodotto A,Categoria 1,24,10,80
72,2022-03-13,Prodotto B,Categoria 2,77,20,250
73,2022-03-14,Prodotto C,Categoria 3,29,15,100
74,2022-03-15,Prodotto D,Categoria 4,20,11,110
75,2022-03-16,Prodotto E,Categoria 5,78,50,500
76,2022-03-17,Prodotto F,Categoria 1,68,75,70
77,2022-03-18,Prodotto G,Categoria 2,76,20,55
78,2022-03-19,Prodotto H,Categoria 3,53,13,80
79,2022-03-20,Prodotto I,Categoria 4,9,35,95
80,2022-03-21,Prodotto L,Categoria 5,90,2,10
81,2022-03-22,Prodotto A,Categoria 1,49,10,80
82,2022-03-23,Prodotto B,Categoria 2,43,20,250
83,2022-03-24,Prodotto C,Categoria 3,41,15,100
84,2022-03-25,Prodotto D,Categoria 4,76,11,110
85,2022-03-26,Prodotto E,Categoria 5,10,50,500
86,2022-03-27,Prodotto F,Categoria 1,60,75,70
87,2022-03-28,Prodotto G,Categoria 2,2,20,55
88,2022-03-29,Prodotto H,Categoria 3,60,13,80
89,2022-03-30,Prodotto I,Categoria 4,74,35,95
90,2022-03-31,Prodotto L,Categoria 5,57,2,10
91,2022-04-01,Prodotto A,Categoria 1,78,10,80
92,2022-04-02,Prodotto B,Categoria 2,47,20,250
93,2022-04-03,Prodotto C,Categoria 3,9,15,100
94,2022-04-04,Prodotto D,Categoria 4,85,11,110
95,2022-04-05,Prodotto E,Categoria 5,43,50,500
96,2022-04-06,Prodotto F,Categoria 1,8,75,70
97,2022-04-07,Prodotto G,Categoria 2,16,20,55
98,2022-04-08,Prodotto H,Categoria 3,84,13,80
99,2022-04-09,Prodotto I,Categoria 4,71,35,95
100,2022-04-10,Prodotto L,Categoria 5,19,2,10
101,2022-04-11,Prodotto A,Categoria 1,43,10,80
102,2022-04-12,Prodotto B,Categoria 2,26,20,250
103,2022-04-13,Prodotto C,Categoria 3,60,15,100
104,2022-04-14,Prodotto D,Categoria 4,98,11,110
105,2022-04-15,Prodotto E,Categoria 5,62,50,500
106,2022-04-16,Prodotto F,Categoria 1,7,75,70
107,2022-04-17,Prodotto G,Categoria 2,35,20,55
108,2022-04-18,Prodotto H,Categoria 3,11,13,80
109,2022-04-19,Prodotto I,Categoria 4,45,35,95
110,2022-04-20,Prodotto L,Categoria 5,59,2,10
111,2022-04-21,Prodotto A,Categoria 1,80,10,80
112,2022-04-22,Prodotto B,Categoria 2,73,20,250
113,2022-04-23,Prodotto C,Categoria 3,98,15,100
114,2022-04-24,Prodotto D,Categoria 4,7,11,110
115,2022-04-25,Prodotto E,Categoria 5,87,50,500
116,2022-04-26,Prodotto F,Categoria 1,84,75,70
117,2022-04-27,Prodotto G,Categoria 2,94,20,55
118,2022-04-28,Prodotto H,Categoria 3,54,13,80
119,2022-04-29,Prodotto I,Categoria 4,56,35,95
120,2022-04-30,Prodotto L,Categoria 5,56,2,10
121,2022-05-01,Prodotto A,Categoria 1,39,10,80
122,2022-05-02,Prodotto B,Categoria 2,2,20,250
123,2022-05-03,Prodotto C,Categoria 3,31,15,100
124,2022-05-04,Prodotto D,Categoria 4,31,11,110
125,2022-05-05,Prodotto E,Categoria 5,5,50,500
126,2022-05-06,Prodotto F,Categoria 1,4,75,70
127,2022-05-07,Prodotto G,Categoria 2,2,20,55
128,2022-05-08,Prodotto H,Categoria 3,80,13,80
129,2022-05-09,Prodotto I,Categoria 4,76,35,95
130,2022-05-10,Prodotto L,Categoria 5,12,2,10
131,2022-05-11,Prodotto A,Categoria 1,50,10,80
132,2022-05-12,Prodotto B,Categoria 2,12,20,250
133,2022-05-13,Prodotto C,Categoria 3,55,15,100
134,2022-05-14,Prodotto D,Categoria 4,10,11,110
135,2022-05-15,Prodotto E,Categoria 5,21,50,500
136,2022-05-16,Prodotto F,Categoria 1,48,75,70
137,2022-05-17,Prodotto G,Categoria 2,58,20,55
138,2022-05-18,Prodotto H,Categoria 3,92,13,80
139,2022-05-19,Prodotto I,Categoria 4,43,35,95
140,2022-05-20,Prodotto L,Categoria 5,29,2,10
141,2022-05-21,Prodotto A,Categoria 1,58,10,80
142,2022-05-22,Prodotto B,Categoria 2,94,20,250
143,2022-05-23,Prodotto C,Categoria 3,70,15,100
144,2022-05-24,Prodotto D,Categoria 4,25,11,110
145,2022-05-25,Prodotto E,Categoria 5,22,50,500
146,2022-05-26,Prodotto F,Categoria 1,71,75,70
147,2022-05-27,Prodotto G,Categoria 2,69,20,55
148,2022-05-28,Prodotto H,Categoria 3,45,13,80
149,2022-05-29,Prodotto I,Categoria 4,14,35,95
150,2022-05-30,Prodotto L,Categoria 5,10,2,10
151,2022-05-31,Prodotto A,Categoria 1,93,10,80
152,2022-06-01,Prodotto B,Categoria 2,55,20,250
153,2022-06-02,Prodotto C,Categoria 3,41,15,100
154,2022-06-03,Prodotto D,Categoria 4,22,11,110
155,2022-06-04,Prodotto E,Categoria 5,19,50,500
156,2022-06-05,Prodotto F,Categoria 1,48,75,70
157,2022-06-06,Prodotto G,Categoria 2,31,20,55
158,2022-06-07,Prodotto H,Categoria 3,18,13,80
159,2022-06-08,Prodotto I,Categoria 4,21,35,95
160,2022-06-09,Prodotto L,Categoria 5,42,2,10
161,2022-06-10,Prodotto A,Categoria 1,10,10,80
162,2022-06-11,Prodotto B,Categoria 2,67,20,250
163,2022-06-12,Prodotto C,Categoria 3,66,15,100
164,2022-06-13,Prodotto D,Categoria 4,66,11,110
165,2022-06-14,Prodotto E,Categoria 5,12,50,500
166,2022-06-15,Prodotto F,Categoria 1,90,75,70
167,2022-06-16,Prodotto G,Categoria 2,43,20,55
168,2022-06-17,Prodotto H,Categoria 3,8,13,80
169,2022-06-18,Prodotto I,Categoria 4,17,35,95
170,2022-06-19,Prodotto L,Categoria 5,81,2,10
171,2022-06-20,Prodotto A,Categoria 1,69,10,80
172,2022-06-21,Prodotto B,Categoria 2,65,20,250
173,2022-06-22,Prodotto C,Categoria 3,55,15,100
174,2022-06-23,Prodotto D,Categoria 4,44,11,110
175,2022-06-24,Prodotto E,Categoria 5,65,50,500
176,2022-06-25,Prodotto F,Categoria 1,86,75,70
177,2022-06-26,Prodotto G,Categoria 2,10,20,55
178,2022-06-27,Prodotto H,Categoria 3,34,13,80
179,2022-06-28,Prodotto I,Categoria 4,60,35,95
180,2022-06-29,Prodotto L,Categoria 5,96,2,10
181,2022-06-30,Prodotto A,Categoria 1,24,10,80
182,2022-07-01,Prodotto B,Categoria 2,77,20,250
183,2022-07-02,Prodotto C,Categoria 3,23,15,100
184,2022-07-03,Prodotto D,Categoria 4,16,11,110
185,2022-07-04,Prodotto E,Categoria 5,20,50,500
186,2022-07-05,Prodotto F,Categoria 1,10,75,70
187,2022-07-06,Prodotto G,Categoria 2,1,20,55
188,2022-07-07,Prodotto H,Categoria 3,95,13,80
189,2022-07-08,Prodotto I,Categoria 4,51,35,95
190,2022-07-09,Prodotto L,Categoria 5,48,2,10
191,2022-07-10,Prodotto A,Categoria 1,63,10,80
192,2022-07-11,Prodotto B,Categoria 2,40,20,250
193,2022-07-12,Prodotto C,Categoria 3,13,15,100
194,2022-07-13,Prodotto D,Categoria 4,70,11,110
195,2022-07-14,Prodotto E,Categoria 5,24,50,500
196,2022-07-15,Prodotto F,Categoria 1,26,75,70
197,2022-07-16,Prodotto G,Categoria 2,26,20,55
198,2022-07-17,Prodotto H,Categoria 3,28,13,80
199,2022-07-18,Prodotto I,Categoria 4,80,35,95
200,2022-07-19,Prodotto L,Categoria 5,43,2,10
201,2022-07-20,Prodotto A,Categoria 1,87,10,80
202,2022-07-21,Prodotto B,Categoria 2,30,20,250
203,2022-07-22,Prodotto C,Categoria 3,21,15,100
204,2022-07-23,Prodotto D,Categoria 4,58,11,110
205,2022-07-24,Prodotto E,Categoria 5,4,50,500
206,2022-07-25,Prodotto F,Categoria 1,92,75,70
207,2022-07-26,Prodotto G,Categoria 2,96,20,55
208,2022-07-27,Prodotto H,Categoria 3,29,13,80
209,2022-07-28,Prodotto I,Categoria 4,38,35,95
210,2022-07-29,Prodotto L,Categoria 5,83,2,10
211,2022-07-30,Prodotto A,Categoria 1,38,10,80
212,2022-07-31,Prodotto B,Categoria 2,49,20,250
213,2022-08-01,Prodotto C,Categoria 3,90,15,100
214,2022-08-02,Prodotto D,Categoria 4,27,11,110
215,2022-08-03,Prodotto E,Categoria 5,50,50,500
216,2022-08-04,Prodotto F,Categoria 1,95,75,70
217,2022-08-05,Prodotto G,Categoria 2,13,20,55
218,2022-08-06,Prodotto H,Categoria 3,72,13,80
219,2022-08-07,Prodotto I,Categoria 4,25,35,95
220,2022-08-08,Prodotto L,Categoria 5,42,2,10
221,2022-08-09,Prodotto A,Categoria 1,21,10,80
222,2022-08-10,Prodotto B,Categoria 2,15,20,250
223,2022-08-11,Prodotto C,Categoria 3,14,15,100
224,2022-08-12,Prodotto D,Categoria 4,77,11,110
225,2022-08-13,Prodotto E,Categoria 5,27,50,500
226,2022-08-14,Prodotto F,Categoria 1,83,75,70
227,2022-08-15,Prodotto G,Categoria 2,34,20,55
228,2022-08-16,Prodotto H,Categoria 3,28,13,80
229,2022-08-17,Prodotto I,Categoria 4,3,35,95
230,2022-08-18,Prodotto L,Categoria 5,64,2,10
231,2022-08-19,Prodotto A,Categoria 1,25,10,80
232,2022-08-20,Prodotto B,Categoria 2,48,20,250
233,2022-08-21,Prodotto C,Categoria 3,91,15,100
234,2022-08-22,Prodotto D,Categoria 4,93,11,110
235,2022-08-23,Prodotto E,Categoria 5,73,50,500
236,2022-08-24,Prodotto F,Categoria 1,62,75,70
237,2022-08-25,Prodotto G,Categoria 2,72,20,55
238,2022-08-26,Prodotto H,Categoria 3,6,13,80
239,2022-08-27,Prodotto I,Categoria 4,36,35,95
240,2022-08-28,Prodotto L,Categoria 5,1,2,10
241,2022-08-29,Prodotto A,Categoria 1,68,10,80
242,2022-08-30,Prodotto B,Categoria 2,63,20,250
243,2022-08-31,Prodotto C,Categoria 3,23,15,100
244,2022-09-01,Prodotto D,Categoria 4,83,11,110
245,2022-09-02,Prodotto E,Categoria 5,99,50,500
246,2022-09-03,Prodotto F,Categoria 1,22,75,70
247,2022-09-04,Prodotto G,Categoria 2,45,20,55
248,2022-09-05,Prodotto H,Categoria 3,57,13,80
249,2022-09-06,Prodotto I,Categoria 4,22,35,95
250,2022-09-07,Prodotto L,Categoria 5,24,2,10
251,2022-09-08,Prodotto A,Categoria 1,76,10,80
252,2022-09-09,Prodotto B,Categoria 2,63,20,250
253,2022-09-10,Prodotto C,Categoria 3,67,15,100
254,2022-09-11,Prodotto D,Categoria 4,70,11,110
255,2022-09-12,Prodotto E,Categoria 5,37,50,500
256,2022-09-13,Prodotto F,Categoria 1,90,75,70
257,2022-09-14,Prodotto G,Categoria 2,90,20,55
258,2022-09-15,Prodotto H,Categoria 3,37,13,80
259,2022-09-16,Prodotto I,Categoria 4,53,35,95
260,2022-09-17,Prodotto L,Categoria 5,87,2,10
261,2022-09-18,Prodotto A,Categoria 1,19,10,80
262,2022-09-19,Prodotto B,Categoria 2,27,20,250
263,2022-09-20,Prodotto C,Categoria 3,95,15,100
264,2022-09-21,Prodotto D,Categoria 4,28,11,110
265,2022-09-22,Prodotto E,Categoria 5,69,50,500
266,2022-09-23,Prodotto F,Categoria 1,45,75,70
267,2022-09-24,Prodotto G,Categoria 2,14,20,55
268,2022-09-25,Prodotto H,Categoria 3,50,13,80
269,2022-09-26,Prodotto I,Categoria 4,92,35,95
270,2022-09-27,Prodotto L,Categoria 5,81,2,10
271,2022-09-28,Prodotto A,Categoria 1,43,10,80
272,2022-09-29,Prodotto B,Categoria 2,18,20,250
273,2022-09-30,Prodotto C,Categoria 3,97,15,100
274,2022-10-01,Prodotto D,Categoria 4,56,11,110
275,2022-10-02,Prodotto E,Categoria 5,35,50,500
276,2022-10-03,Prodotto F,Categoria 1,79,75,70
277,2022-10-04,Prodotto G,Categoria 2,65,20,55
278,2022-10-05,Prodotto H,Categoria 3,93,13,80
279,2022-10-06,Prodotto I,Categoria 4,51,35,95
280,2022-10-07,Prodotto L,Categoria 5,39,2,10
281,2022-10-08,Prodotto A,Categoria 1,5,10,80
282,2022-10-09,Prodotto B,Categoria 2,66,20,250
283,2022-10-10,Prodotto C,Categoria 3,44,15,100
284,2022-10-11,Prodotto D,Categoria 4,40,11,110
285,2022-10-12,Prodotto E,Categoria 5,2,50,500
286,2022-10-13,Prodotto F,Categoria 1,13,75,70
287,2022-10-14,Prodotto G,Categoria 2,99,20,55
288,2022-10-15,Prodotto H,Categoria 3,8,13,80
289,2022-10-16,Prodotto I,Categoria 4,70,35,95
290,2022-10-17,Prodotto L,Categoria 5,40,2,10
291,2022-10-18,Prodotto A,Categoria 1,22,10,80
292,2022-10-19,Prodotto B,Categoria 2,84,20,250
293,2022-10-20,Prodotto C,Categoria 3,53,15,100
294,2022-10-21,Prodotto D,Categoria 4,21,11,110
295,2022-10-22,Prodotto E,Categoria 5,37,50,500
296,2022-10-23,Prodotto F,Categoria 1,90,75,70
297,2022-10-24,Prodotto G,Categoria 2,44,20,55
298,2022-10-25,Prodotto H,Categoria 3,100,13,80
299,2022-10-26,Prodotto I,Categoria 4,11,35,95
300,2022-10-27,Prodotto L,Categoria 5,22,2,10
301,2022-10-28,Prodotto A,Categoria 1,93,10,80
302,2022-10-29,Prodotto B,Categoria 2,62,20,250
303,2022-10-30,Prodotto C,Categoria 3,26,15,100
304,2022-10-31,Prodotto D,Categoria 4,48,11,110
305,2022-11-01,Prodotto E,Categoria 5,1,50,500
306,2022-11-02,Prodotto F,Categoria 1,62,75,70
307,2022-11-03,Prodotto G,Categoria 2,17,20,55
308,2022-11-04,Prodotto H,Categoria 3,89,13,80
309,2022-11-05,Prodotto I,Categoria 4,70,35,95
310,2022-11-06,Prodotto L,Categoria 5,23,2,10
311,2022-11-07,Prodotto A,Categoria 1,57,10,80
312,2022-11-08,Prodotto B,Categoria 2,77,20,250
313,2022-11-09,Prodotto C,Categoria 3,54,15,100
314,2022-11-10,Prodotto D,Categoria 4,1,11,110
315,2022-11-11,Prodotto E,Categoria 5,23,50,500
316,2022-11-12,Prodotto F,Categoria 1,52,75,70
317,2022-11-13,Prodotto G,Categoria 2,47,20,55
318,2022-11-14,Prodotto H,Categoria 3,1,13,80
319,2022-11-15,Prodotto I,Categoria 4,21,35,95
320,2022-11-16,Prodotto L,Categoria 5,97,2,10
321,2022-11-17,Prodotto A,Categoria 1,48,10,80
322,2022-11-18,Prodotto B,Categoria 2,67,20,250
323,2022-11-19,Prodotto C,Categoria 3,71,15,100
324,2022-11-20,Prodotto D,Categoria 4,80,11,110
325,2022-11-21,Prodotto E,Categoria 5,50,50,500
326,2022-11-22,Prodotto F,Categoria 1,98,75,70
327,2022-11-23,Prodotto G,Categoria 2,48,20,55
328,2022-11-24,Prodotto H,Categoria 3,99,13,80
329,2022-11-25,Prodotto I,Categoria 4,5,35,95
330,2022-11-26,Prodotto L,Categoria 5,43,2,10
331,2022-11-27,Prodotto A,Categoria 1,11,10,80
332,2022-11-28,Prodotto B,Categoria 2,83,20,250
333,2022-11-29,Prodotto C,Categoria 3,47,15,100
334,2022-11-30,Prodotto D,Categoria 4,58,11,110
335,2022-12-01,Prodotto E,Categoria 5,70,50,500
336,2022-12-02,Prodotto F,Categoria 1,1,75,70
337,2022-12-03,Prodotto G,Categoria 2,5,20,55
338,2022-12-04,Prodotto H,Categoria 3,14,13,80
339,2022-12-05,Prodotto I,Categoria 4,66,35,95
340,2022-12-06,Prodotto L,Categoria 5,22,2,10
341,2022-12-07,Prodotto A,Categoria 1,3,10,80
342,2022-12-08,Prodotto B,Categoria 2,89,20,250
343,2022-12-09,Prodotto C,Categoria 3,50,15,100
344,2022-12-10,Prodotto D,Categoria 4,32,11,110
345,2022-12-11,Prodotto E,Categoria 5,7,50,500
346,2022-12-12,Prodotto F,Categoria 1,25,75,70
347,2022-12-13,Prodotto G,Categoria 2,63,20,55
348,2022-12-14,Prodotto H,Categoria 3,49,13,80
349,2022-12-15,Prodotto I,Categoria 4,98,35,95
350,2022-12-16,Prodotto L,Categoria 5,5,2,10
351,2022-12-17,Prodotto A,Categoria 1,49,10,80
352,2022-12-18,Prodotto B,Categoria 2,52,20,250
353,2022-12-19,Prodotto C,Categoria 3,51,15,100
354,2022-12-20,Prodotto D,Categoria 4,65,11,110
355,2022-12-21,Prodotto E,Categoria 5,30,50,500
356,2022-12-22,Prodotto F,Categoria 1,92,75,70
357,2022-12-23,Prodotto G,Categoria 2,67,20,55
358,2022-12-24,Prodotto H,Categoria 3,24,13,80
359,2022-12-25,Prodotto I,Categoria 4,99,35,95
360,2022-12-26,Prodotto L,Categoria 5,95,2,10
361,2022-12-27,Prodotto A,Categoria 1,89,10,80
362,2022-12-28,Prodotto B,Categoria 2,100,20,250
363,2022-12-29,Prodotto C,Categoria 3,98,15,100
364,2022-12-30,Prodotto D,Categoria 4,94,11,110
365,2022-12-31,Prodotto E,Categoria 5,45,50,500
366,2023-01-01,Prodotto F,Categoria 1,74,75,70
367,2023-01-02,Prodotto G,Categoria 2,38,20,55
368,2023-01-03,Prodotto H,Categoria 3,9,13,80
369,2023-01-04,Prodotto I,Categoria 4,56,35,95
370,2023-01-05,Prodotto L,Categoria 5,32,2,10
371,2023-01-06,Prodotto A,Categoria 1,45,10,80
372,2023-01-07,Prodotto B,Categoria 2,91,20,250
373,2023-01-08,Prodotto C,Categoria 3,35,15,100
374,2023-01-09,Prodotto D,Categoria 4,34,11,110
375,2023-01-10,Prodotto E,Categoria 5,78,50,500
376,2023-01-11,Prodotto F,Categoria 1,63,75,70
377,2023-01-12,Prodotto G,Categoria 2,100,20,55
378,2023-01-13,Prodotto H,Categoria 3,63,13,80
379,2023-01-14,Prodotto I,Categoria 4,83,35,95
380,2023-01-15,Prodotto L,Categoria 5,20,2,10
381,2023-01-16,Prodotto A,Categoria 1,53,10,80
382,2023-01-17,Prodotto B,Categoria 2,25,20,250
383,2023-01-18,Prodotto C,Categoria 3,97,15,100
384,2023-01-19,Prodotto D,Categoria 4,72,11,110
385,2023-01-20,Prodotto E,Categoria 5,78,50,500
386,2023-01-21,Prodotto F,Categoria 1,57,75,70
387,2023-01-22,Prodotto G,Categoria 2,48,20,55
388,2023-01-23,Prodotto H,Categoria 3,70,13,80
389,2023-01-24,Prodotto I,Categoria 4,88,35,95
390,2023-01-25,Prodotto L,Categoria 5,35,2,10
391,2023-01-26,Prodotto A,Categoria 1,67,10,80
392,2023-01-27,Prodotto B,Categoria 2,42,20,250
393,2023-01-28,Prodotto C,Categoria 3,89,15,100
394,2023-01-29,Prodotto D,Categoria 4,74,11,110
395,2023-01-30,Prodotto E,Categoria 5,12,50,500
396,2023-01-31,Prodotto F,Categoria 1,47,75,70
397,2023-02-01,Prodotto G,Categoria 2,46,20,55
398,2023-02-02,Prodotto H,Categoria 3,14,13,80
399,2023-02-03,Prodotto I,Categoria 4,54,35,95
400,2023-02-04,Prodotto L,Categoria 5,58,2,10
401,2023-02-05,Prodotto A,Categoria 1,28,10,80
402,2023-02-06,Prodotto B,Categoria 2,69,20,250
403,2023-02-07,Prodotto C,Categoria 3,25,15,100
404,2023-02-08,Prodotto D,Categoria 4,8,11,110
405,2023-02-09,Prodotto E,Categoria 5,30,50,500
406,2023-02-10,Prodotto F,Categoria 1,25,75,70
407,2023-02-11,Prodotto G,Categoria 2,40,20,55
408,2023-02-12,Prodotto H,Categoria 3,53,13,80
409,2023-02-13,Prodotto I,Categoria 4,83,35,95
410,2023-02-14,Prodotto L,Categoria 5,62,2,10
411,2023-02-15,Prodotto A,Categoria 1,71,10,80
412,2023-02-16,Prodotto B,Categoria 2,100,20,250
413,2023-02-17,Prodotto C,Categoria 3,35,15,100
414,2023-02-18,Prodotto D,Categoria 4,66,11,110
415,2023-02-19,Prodotto E,Categoria 5,62,50,500
416,2023-02-20,Prodotto F,Categoria 1,29,75,70
417,2023-02-21,Prodotto G,Categoria 2,66,20,55
418,2023-02-22,Prodotto H,Categoria 3,5,13,80
419,2023-02-23,Prodotto I,Categoria 4,25,35,95
420,2023-02-24,Prodotto L,Categoria 5,94,2,10
421,2023-02-25,Prodotto A,Categoria 1,54,10,80
422,2023-02-26,Prodotto B,Categoria 2,46,20,250
423,2023-02-27,Prodotto C,Categoria 3,51,15,100
424,2023-02-28,Prodotto D,Categoria 4,76,11,110
425,2023-03-01,Prodotto E,Categoria 5,36,50,500
426,2023-03-02,Prodotto F,Categoria 1,6,75,70
427,2023-03-03,Prodotto G,Categoria 2,53,20,55
428,2023-03-04,Prodotto H,Categoria 3,88,13,80
429,2023-03-05,Prodotto I,Categoria 4,15,35,95
430,2023-03-06,Prodotto L,Categoria 5,59,2,10
431,2023-03-07,Prodotto A,Categoria 1,17,10,80
432,2023-03-08,Prodotto B,Categoria 2,71,20,250
433,2023-03-09,Prodotto C,Categoria 3,56,15,100
434,2023-03-10,Prodotto D,Categoria 4,40,11,110
435,2023-03-11,Prodotto E,Categoria 5,1,50,500
436,2023-03-12,Prodotto F,Categoria 1,44,75,70
437,2023-03-13,Prodotto G,Categoria 2,85,20,55
438,2023-03-14,Prodotto H,Categoria 3,9,13,80
439,2023-03-15,Prodotto I,Categoria 4,44,35,95
440,2023-03-16,Prodotto L,Categoria 5,85,2,10
441,2023-03-17,Prodotto A,Categoria 1,90,10,80
442,2023-03-18,Prodotto B,Categoria 2,72,20,250
443,2023-03-19,Prodotto C,Categoria 3,71,15,100
444,2023-03-20,Prodotto D,Categoria 4,90,11,110
445,2023-03-21,Prodotto E,Categoria 5,33,50,500
446,2023-03-22,Prodotto F,Categoria 1,11,75,70
447,2023-03-23,Prodotto G,Categoria 2,51,20,55
448,2023-03-24,Prodotto H,Categoria 3,90,13,80
449,2023-03-25,Prodotto I,Categoria 4,66,35,95
450,2023-03-26,Prodotto L,Categoria 5,20,2,10
451,2023-03-27,Prodotto A,Categoria 1,96,10,80
452,2023-03-28,Prodotto B,Categoria 2,82,20,250
453,2023-03-29,Prodotto C,Categoria 3,9,15,100
454,2023-03-30,Prodotto D,Categoria 4,39,11,110
455,2023-03-31,Prodotto E,Categoria 5,31,50,500
456,2023-04-01,Prodotto F,Categoria 1,41,75,70
457,2023-04-02,Prodotto G,Categoria 2,29,20,55
458,2023-04-03,Prodotto H,Categoria 3,7,13,80
459,2023-04-04,Prodotto I,Categoria 4,31,35,95
460,2023-04-05,Prodotto L,Categoria 5,97,2,10
461,2023-04-06,Prodotto A,Categoria 1,69,10,80
462,2023-04-07,Prodotto B,Categoria 2,40,20,250
463,2023-04-08,Prodotto C,Categoria 3,41,15,100
464,2023-04-09,Prodotto D,Categoria 4,34,11,110
465,2023-04-10,Prodotto E,Categoria 5,18,50,500
466,2023-04-11,Prodotto F,Categoria 1,40,75,70
467,2023-04-12,Prodotto G,Categoria 2,50,20,55
468,2023-04-13,Prodotto H,Categoria 3,77,13,80
469,2023-04-14,Prodotto I,Categoria 4,45,35,95
470,2023-04-15,Prodotto L,Categoria 5,26,2,10
471,2023-04-16,Prodotto A,Categoria 1,74,10,80
472,2023-04-17,Prodotto B,Categoria 2,21,20,250
473,2023-04-18,Prodotto C,Categoria 3,60,15,100
474,2023-04-19,Prodotto D,Categoria 4,33,11,110
475,2023-04-20,Prodotto E,Categoria 5,49,50,500
476,2023-04-21,Prodotto F,Categoria 1,7,75,70
477,2023-04-22,Prodotto G,Categoria 2,66,20,55
478,2023-04-23,Prodotto H,Categoria 3,68,13,80
479,2023-04-24,Prodotto I,Categoria 4,38,35,95
480,2023-04-25,Prodotto L,Categoria 5,75,2,10
481,2023-04-26,Prodotto A,Categoria 1,96,10,80
482,2023-04-27,Prodotto B,Categoria 2,67,20,250
483,2023-04-28,Prodotto C,Categoria 3,2,15,100
484,2023-04-29,Prodotto D,Categoria 4,44,11,110
485,2023-04-30,Prodotto E,Categoria 5,63,50,500
486,2023-05-01,Prodotto F,Categoria 1,44,75,70
487,2023-05-02,Prodotto G,Categoria 2,28,20,55
488,2023-05-03,Prodotto H,Categoria 3,38,13,80
489,2023-05-04,Prodotto I,Categoria 4,64,35,95
490,2023-05-05,Prodotto L,Categoria 5,83,2,10
491,2023-05-06,Prodotto A,Categoria 1,42,10,80
492,2023-05-07,Prodotto B,Categoria 2,77,20,250
493,2023-05-08,Prodotto C,Categoria 3,6,15,100
494,2023-05-09,Prodotto D,Categoria 4,36,11,110
495,2023-05-10,Prodotto E,Categoria 5,18,50,500
496,2023-05-11,Prodotto F,Categoria 1,18,75,70
497,2023-05-12,Prodotto G,Categoria 2,22,20,55
498,2023-05-13,Prodotto H,Categoria 3,19,13,80
499,2023-05-14,Prodotto I,Categoria 4,19,35,95
500,2023-05-15,Prodotto L,Categoria 5,35,2,10
501,2023-05-16,Prodotto A,Categoria 1,100,10,80
502,2023-05-17,Prodotto B,Categoria 2,72,20,250
503,2023-05-18,Prodotto C,Categoria 3,43,15,100
504,2023-05-19,Prodotto D,Categoria 4,80,11,110
505,2023-05-20,Prodotto E,Categoria 5,5,50,500
506,2023-05-21,Prodotto F,Categoria 1,97,75,70
507,2023-05-22,Prodotto G,Categoria 2,69,20,55
508,2023-05-23,Prodotto H,Categoria 3,91,13,80
509,2023-05-24,Prodotto I,Categoria 4,66,35,95
510,2023-05-25,Prodotto L,Categoria 5,54,2,10
511,2023-05-26,Prodotto A,Categoria 1,58,10,80
512,2023-05-27,Prodotto B,Categoria 2,34,20,250
513,2023-05-28,Prodotto C,Categoria 3,1,15,100
514,2023-05-29,Prodotto D,Categoria 4,88,11,110
515,2023-05-30,Prodotto E,Categoria 5,75,50,500
516,2023-05-31,Prodotto F,Categoria 1,32,75,70
517,2023-06-01,Prodotto G,Categoria 2,2,20,55
518,2023-06-02,Prodotto H,Categoria 3,91,13,80
519,2023-06-03,Prodotto I,Categoria 4,92,35,95
520,2023-06-04,Prodotto L,Categoria 5,32,2,10
521,2023-06-05,Prodotto A,Categoria 1,81,10,80
522,2023-06-06,Prodotto B,Categoria 2,100,20,250
523,2023-06-07,Prodotto C,Categoria 3,26,15,100
524,2023-06-08,Prodotto D,Categoria 4,42,11,110
525,2023-06-09,Prodotto E,Categoria 5,47,50,500
526,2023-06-10,Prodotto F,Categoria 1,26,75,70
527,2023-06-11,Prodotto G,Categoria 2,63,20,55
528,2023-06-12,Prodotto H,Categoria 3,60,13,80
529,2023-06-13,Prodotto I,Categoria 4,1,35,95
530,2023-06-14,Prodotto L,Categoria 5,78,2,10
531,2023-06-15,Prodotto A,Categoria 1,42,10,80
532,2023-06-16,Prodotto B,Categoria 2,56,20,250
533,2023-06-17,Prodotto C,Categoria 3,64,15,100
534,2023-06-18,Prodotto D,Categoria 4,54,11,110
535,2023-06-19,Prodotto E,Categoria 5,53,50,500
536,2023-06-20,Prodotto F,Categoria 1,56,75,70
537,2023-06-21,Prodotto G,Categoria 2,5,20,55
538,2023-06-22,Prodotto H,Categoria 3,26,13,80
539,2023-06-23,Prodotto I,Categoria 4,7,35,95
540,2023-06-24,Prodotto L,Categoria 5,22,2,10
541,2023-06-25,Prodotto A,Categoria 1,70,10,80
542,2023-06-26,Prodotto B,Categoria 2,8,20,250
543,2023-06-27,Prodotto C,Categoria 3,75,15,100
544,2023-06-28,Prodotto D,Categoria 4,75,11,110
545,2023-06-29,Prodotto E,Categoria 5,75,50,500
546,2023-06-30,Prodotto F,Categoria 1,42,75,70
547,2023-07-01,Prodotto G,Categoria 2,18,20,55
548,2023-07-02,Prodotto H,Categoria 3,24,13,80
549,2023-07-03,Prodotto I,Categoria 4,6,35,95
550,2023-07-04,Prodotto L,Categoria 5,93,2,10
551,2023-07-05,Prodotto A,Categoria 1,79,10,80
552,2023-07-06,Prodotto B,Categoria 2,26,20,250
553,2023-07-07,Prodotto C,Categoria 3,59,15,100
554,2023-07-08,Prodotto D,Categoria 4,65,11,110
555,2023-07-09,Prodotto E,Categoria 5,7,50,500
556,2023-07-10,Prodotto F,Categoria 1,58,75,70
557,2023-07-11,Prodotto G,Categoria 2,29,20,55
558,2023-07-12,Prodotto H,Categoria 3,15,13,80
559,2023-07-13,Prodotto I,Categoria 4,8,35,95
560,2023-07-14,Prodotto L,Categoria 5,15,2,10
561,2023-07-15,Prodotto A,Categoria 1,79,10,80
562,2023-07-16,Prodotto B,Categoria 2,39,20,250
563,2023-07-17,Prodotto C,Categoria 3,19,15,100
564,2023-07-18,Prodotto D,Categoria 4,88,11,110
565,2023-07-19,Prodotto E,Categoria 5,45,50,500
566,2023-07-20,Prodotto F,Categoria 1,79,75,70
567,2023-07-21,Prodotto G,Categoria 2,5,20,55
568,2023-07-22,Prodotto H,Categoria 3,19,13,80
569,2023-07-23,Prodotto I,Categoria 4,21,35,95
570,2023-07-24,Prodotto L,Categoria 5,57,2,10
571,2023-07-25,Prodotto A,Categoria 1,86,10,80
572,2023-07-26,Prodotto B,Categoria 2,15,20,250
573,2023-07-27,Prodotto C,Categoria 3,28,15,100
574,2023-07-28,Prodotto D,Categoria 4,9,11,110
575,2023-07-29,Prodotto E,Categoria 5,18,50,500
576,2023-07-30,Prodotto F,Categoria 1,83,75,70
577,2023-07-31,Prodotto G,Categoria 2,10,20,55
578,2023-08-01,Prodotto H,Categoria 3,1,13,80
579,2023-08-02,Prodotto I,Categoria 4,79,35,95
580,2023-08-03,Prodotto L,Categoria 5,30,2,10
581,2023-08-04,Prodotto A,Categoria 1,63,10,80
582,2023-08-05,Prodotto B,Categoria 2,45,20,250
583,2023-08-06,Prodotto C,Categoria 3,70,15,100
584,2023-08-07,Prodotto D,Categoria 4,23,11,110
585,2023-08-08,Prodotto E,Categoria 5,64,50,500
586,2023-08-09,Prodotto F,Categoria 1,32,75,70
587,2023-08-10,Prodotto G,Categoria 2,76,20,55
588,2023-08-11,Prodotto H,Categoria 3,84,13,80
589,2023-08-12,Prodotto I,Categoria 4,62,35,95
590,2023-08-13,Prodotto L,Categoria 5,77,2,10
591,2023-08-14,Prodotto A,Categoria 1,81,10,80
592,2023-08-15,Prodotto B,Categoria 2,32,20,250
593,2023-08-16,Prodotto C,Categoria 3,65,15,100
594,2023-08-17,Prodotto D,Categoria 4,21,11,110
595,2023-08-18,Prodotto E,Categoria 5,47,50,500
596,2023-08-19,Prodotto F,Categoria 1,64,75,70
597,2023-08-20,Prodotto G,Categoria 2,92,20,55
598,2023-08-21,Prodotto H,Categoria 3,83,13,80
599,2023-08-22,Prodotto I,Categoria 4,3,35,95
600,2023-08-23,Prodotto L,Categoria 5,10,2,10
601,2023-08-24,Prodotto A,Categoria 1,42,10,80
602,2023-08-25,Prodotto B,Categoria 2,76,20,250
603,2023-08-26,Prodotto C,Categoria 3,46,15,100
604,2023-08-27,Prodotto D,Categoria 4,99,11,110
605,2023-08-28,Prodotto E,Categoria 5,62,50,500
606,2023-08-29,Prodotto F,Categoria 1,62,75,70
607,2023-08-30,Prodotto G,Categoria 2,6,20,55
608,2023-08-31,Prodotto H,Categoria 3,43,13,80
609,2023-09-01,Prodotto I,Categoria 4,8,35,95
610,2023-09-02,Prodotto L,Categoria 5,32,2,10
611,2023-09-03,Prodotto A,Categoria 1,13,10,80
612,2023-09-04,Prodotto B,Categoria 2,45,20,250
613,2023-09-05,Prodotto C,Categoria 3,84,15,100
614,2023-09-06,Prodotto D,Categoria 4,8,11,110
615,2023-09-07,Prodotto E,Categoria 5,60,50,500
616,2023-09-08,Prodotto F,Categoria 1,1,75,70
617,2023-09-09,Prodotto G,Categoria 2,50,20,55
618,2023-09-10,Prodotto H,Categoria 3,43,13,80
619,2023-09-11,Prodotto I,Categoria 4,38,35,95
620,2023-09-12,Prodotto L,Categoria 5,67,2,10
621,2023-09-13,Prodotto A,Categoria 1,98,10,80
622,2023-09-14,Prodotto B,Categoria 2,54,20,250
623,2023-09-15,Prodotto C,Categoria 3,100,15,100
624,2023-09-16,Prodotto D,Categoria 4,54,11,110
625,2023-09-17,Prodotto E,Categoria 5,36,50,500
626,2023-09-18,Prodotto F,Categoria 1,43,75,70
627,2023-09-19,Prodotto G,Categoria 2,58,20,55
628,2023-09-20,Prodotto H,Categoria 3,66,13,80
629,2023-09-21,Prodotto I,Categoria 4,44,35,95
630,2023-09-22,Prodotto L,Categoria 5,85,2,10
631,2023-09-23,Prodotto A,Categoria 1,67,10,80
632,2023-09-24,Prodotto B,Categoria 2,95,20,250
633,2023-09-25,Prodotto C,Categoria 3,70,15,100
634,2023-09-26,Prodotto D,Categoria 4,46,11,110
635,2023-09-27,Prodotto E,Categoria 5,100,50,500
636,2023-09-28,Prodotto F,Categoria 1,89,75,70
637,2023-09-29,Prodotto G,Categoria 2,44,20,55
638,2023-09-30,Prodotto H,Categoria 3,67,13,80
639,2023-10-01,Prodotto I,Categoria 4,54,35,95
640,2023-10-02,Prodotto L,Categoria 5,7,2,10
641,2023-10-03,Prodotto A,Categoria 1,1,10,80
642,2023-10-04,Prodotto B,Categoria 2,22,20,250
643,2023-10-05,Prodotto C,Categoria 3,52,15,100
644,2023-10-06,Prodotto D,Categoria 4,50,11,110
645,2023-10-07,Prodotto E,Categoria 5,82,50,500
646,2023-10-08,Prodotto F,Categoria 1,88,75,70
647,2023-10-09,Prodotto G,Categoria 2,50,20,55
648,2023-10-10,Prodotto H,Categoria 3,1,13,80
649,2023-10-11,Prodotto I,Categoria 4,85,35,95
650,2023-10-12,Prodotto L,Categoria 5,26,2,10
651,2023-10-13,Prodotto A,Categoria 1,48,10,80
652,2023-10-14,Prodotto B,Categoria 2,4,20,250
653,2023-10-15,Prodotto C,Categoria 3,35,15,100
654,2023-10-16,Prodotto D,Categoria 4,82,11,110
655,2023-10-17,Prodotto E,Categoria 5,1,50,500
656,2023-10-18,Prodotto F,Categoria 1,92,75,70
657,2023-10-19,Prodotto G,Categoria 2,47,20,55
658,2023-10-20,Prodotto H,Categoria 3,47,13,80
659,2023-10-21,Prodotto I,Categoria 4,60,35,95
660,2023-10-22,Prodotto L,Categoria 5,3,2,10
661,2023-10-23,Prodotto A,Categoria 1,36,10,80
662,2023-10-24,Prodotto B,Categoria 2,94,20,250
663,2023-10-25,Prodotto C,Categoria 3,24,15,100
664,2023-10-26,Prodotto D,Categoria 4,36,11,110
665,2023-10-27,Prodotto E,Categoria 5,95,50,500
666,2023-10-28,Prodotto F,Categoria 1,67,75,70
667,2023-10-29,Prodotto G,Categoria 2,88,20,55
668,2023-10-30,Prodotto H,Categoria 3,25,13,80
669,2023-10-31,Prodotto I,Categoria 4,27,35,95
670,2023-11-01,Prodotto L,Categoria 5,45,2,10
671,2023-11-02,Prodotto A,Categoria 1,89,10,80
672,2023-11-03,Prodotto B,Categoria 2,61,20,250
673,2023-11-04,Prodotto C,Categoria 3,50,15,100
674,2023-11-05,Prodotto D,Categoria 4,52,11,110
675,2023-11-06,Prodotto E,Categoria 5,63,50,500
676,2023-11-07,Prodotto F,Categoria 1,59,75,70
677,2023-11-08,Prodotto G,Categoria 2,32,20,55
678,2023-11-09,Prodotto H,Categoria 3,50,13,80
679,2023-11-10,Prodotto I,Categoria 4,59,35,95
680,2023-11-11,Prodotto L,Categoria 5,10,2,10
681,2023-11-12,Prodotto A,Categoria 1,75,10,80
682,2023-11-13,Prodotto B,Categoria 2,47,20,250
683,2023-11-14,Prodotto C,Categoria 3,24,15,100
684,2023-11-15,Prodotto D,Categoria 4,96,11,110
685,2023-11-16,Prodotto E,Categoria 5,76,50,500
686,2023-11-17,Prodotto F,Categoria 1,73,75,70
687,2023-11-18,Prodotto G,Categoria 2,100,20,55
688,2023-11-19,Prodotto H,Categoria 3,88,13,80
689,2023-11-20,Prodotto I,Categoria 4,5,35,95
690,2023-11-21,Prodotto L,Categoria 5,86,2,10
691,2023-11-22,Prodotto A,Categoria 1,73,10,80
692,2023-11-23,Prodotto B,Categoria 2,89,20,250
693,2023-11-24,Prodotto C,Categoria 3,100,15,100
694,2023-11-25,Prodotto D,Categoria 4,87,11,110
695,2023-11-26,Prodotto E,Categoria 5,83,50,500
696,2023-11-27,Prodotto F,Categoria 1,83,75,70
697,2023-11-28,Prodotto G,Categoria 2,12,20,55
698,2023-11-29,Prodotto H,Categoria 3,78,13,80
699,2023-11-30,Prodotto I,Categoria 4,51,35,95
700,2023-12-01,Prodotto L,Categoria 5,16,2,10
701,2023-12-02,Prodotto A,Categoria 1,89,10,80
702,2023-12-03,Prodotto B,Categoria 2,62,20,250
703,2023-12-04,Prodotto C,Categoria 3,63,15,100
704,2023-12-05,Prodotto D,Categoria 4,98,11,110
705,2023-12-06,Prodotto E,Categoria 5,39,50,500
706,2023-12-07,Prodotto F,Categoria 1,100,75,70
707,2023-12-08,Prodotto G,Categoria 2,91,20,55
708,2023-12-09,Prodotto H,Categoria 3,44,13,80
709,2023-12-10,Prodotto I,Categoria 4,33,35,95
710,2023-12-11,Prodotto L,Categoria 5,3,2,10
711,2023-12-12,Prodotto A,Categoria 1,98,10,80
712,2023-12-13,Prodotto B,Categoria 2,48,20,250
713,2023-12-14,Prodotto C,Categoria 3,80,15,100
714,2023-12-15,Prodotto D,Categoria 4,1,11,110
715,2023-12-16,Prodotto E,Categoria 5,62,50,500
716,2023-12-17,Prodotto F,Categoria 1,48,75,70
717,2023-12-18,Prodotto G,Categoria 2,61,20,55
718,2023-12-19,Prodotto H,Categoria 3,25,13,80
719,2023-12-20,Prodotto I,Categoria 4,7,35,95
720,2023-12-21,Prodotto L,Categoria 5,98,2,10
721,2023-12-22,Prodotto A,Categoria 1,93,10,80
722,2023-12-23,Prodotto B,Categoria 2,20,20,250
723,2023-12-24,Prodotto C,Categoria 3,94,15,100
724,2023-12-25,Prodotto D,Categoria 4,14,11,110
725,2023-12-26,Prodotto E,Categoria 5,84,50,500
726,2023-12-27,Prodotto F,Categoria 1,37,75,70
727,2023-12-28,Prodotto G,Categoria 2,48,20,55
728,2023-12-29,Prodotto H,Categoria 3,26,13,80
729,2023-12-30,Prodotto I,Categoria 4,81,35,95
730,2023-12-31,Prodotto L,Categoria 5,85,2,10
731,2024-01-01,Prodotto A,Categoria 1,31,10,80
732,2024-01-02,Prodotto B,Categoria 2,99,20,250
733,2024-01-03,Prodotto C,Categoria 3,34,15,100
734,2024-01-04,Prodotto D,Categoria 4,48,11,110
735,2024-01-05,Prodotto E,Categoria 5,9,50,500
736,2024-01-06,Prodotto F,Categoria 1,58,75,70
737,2024-01-07,Prodotto G,Categoria 2,14,20,55
738,2024-01-08,Prodotto H,Categoria 3,81,13,80
739,2024-01-09,Prodotto I,Categoria 4,6,35,95
740,2024-01-10,Prodotto L,Categoria 5,19,2,10
741,2024-01-11,Prodotto A,Categoria 1,8,10,80
742,2024-01-12,Prodotto B,Categoria 2,94,20,250
743,2024-01-13,Prodotto C,Categoria 3,92,15,100
744,2024-01-14,Prodotto D,Categoria 4,83,11,110
745,2024-01-15,Prodotto E,Categoria 5,44,50,500
746,2024-01-16,Prodotto F,Categoria 1,50,75,70
747,2024-01-17,Prodotto G,Categoria 2,69,20,55
748,2024-01-18,Prodotto H,Categoria 3,98,13,80
749,2024-01-19,Prodotto I,Categoria 4,61,35,95
750,2024-01-20,Prodotto L,Categoria 5,28,2,10
751,2024-01-21,Prodotto A,Categoria 1,31,10,80
752,2024-01-22,Prodotto B,Categoria 2,52,20,250
753,2024-01-23,Prodotto C,Categoria 3,64,15,100
754,2024-01-24,Prodotto D,Categoria 4,13,11,110
755,2024-01-25,Prodotto E,Categoria 5,4,50,500
756,2024-01-26,Prodotto F,Categoria 1,65,75,70
757,2024-01-27,Prodotto G,Categoria 2,7,20,55
758,2024-01-28,Prodotto H,Categoria 3,92,13,80
759,2024-01-29,Prodotto I,Categoria 4,85,35,95
760,2024-01-30,Prodotto L,Categoria 5,31,2,10
761,2024-01-31,Prodotto A,Categoria 1,15,10,80
762,2024-02-01,Prodotto B,Categoria 2,34,20,250
763,2024-02-02,Prodotto C,Categoria 3,71,15,100
764,2024-02-03,Prodotto D,Categoria 4,57,11,110
765,2024-02-04,Prodotto E,Categoria 5,20,50,500
766,2024-02-05,Prodotto F,Categoria 1,55,75,70
767,2024-02-06,Prodotto G,Categoria 2,40,20,55
768,2024-02-07,Prodotto H,Categoria 3,46,13,80
769,2024-02-08,Prodotto I,Categoria 4,45,35,95
770,2024-02-09,Prodotto L,Categoria 5,14,2,10
771,2024-02-10,Prodotto A,Categoria 1,99,10,80
772,2024-02-11,Prodotto B,Categoria 2,77,20,250
773,2024-02-12,Prodotto C,Categoria 3,1,15,100
774,2024-02-13,Prodotto D,Categoria 4,31,11,110
775,2024-02-14,Prodotto E,Categoria 5,1,50,500
776,2024-02-15,Prodotto F,Categoria 1,98,75,70
777,2024-02-16,Prodotto G,Categoria 2,24,20,55
778,2024-02-17,Prodotto H,Categoria 3,57,13,80
779,2024-02-18,Prodotto I,Categoria 4,41,35,95
780,2024-02-19,Prodotto L,Categoria 5,98,2,10
781,2024-02-20,Prodotto A,Categoria 1,81,10,80
782,2024-02-21,Prodotto B,Categoria 2,54,20,250
783,2024-02-22,Prodotto C,Categoria 3,75,15,100
784,2024-02-23,Prodotto D,Categoria 4,85,11,110
785,2024-02-24,Prodotto E,Categoria 5,69,50,500
786,2024-02-25,Prodotto F,Categoria 1,9,75,70
787,2024-02-26,Prodotto G,Categoria 2,73,20,55
788,2024-02-27,Prodotto H,Categoria 3,44,13,80
789,2024-02-28,Prodotto I,Categoria 4,56,35,95
790,2024-02-29,Prodotto L,Categoria 5,75,2,10
791,2024-03-01,Prodotto A,Categoria 1,40,10,80
792,2024-03-02,Prodotto B,Categoria 2,19,20,250
793,2024-03-03,Prodotto C,Categoria 3,63,15,100
794,2024-03-04,Prodotto D,Categoria 4,22,11,110
795,2024-03-05,Prodotto E,Categoria 5,10,50,500
796,2024-03-06,Prodotto F,Categoria 1,15,75,70
797,2024-03-07,Prodotto G,Categoria 2,61,20,55
798,2024-03-08,Prodotto H,Categoria 3,77,13,80
799,2024-03-09,Prodotto I,Categoria 4,84,35,95
800,2024-03-10,Prodotto L,Categoria 5,4,2,10
801,2024-03-11,Prodotto A,Categoria 1,86,10,80
802,2024-03-12,Prodotto B,Categoria 2,77,20,250
803,2024-03-13,Prodotto C,Categoria 3,46,15,100
804,2024-03-14,Prodotto D,Categoria 4,97,11,110
805,2024-03-15,Prodotto E,Categoria 5,98,50,500
806,2024-03-16,Prodotto F,Categoria 1,72,75,70
807,2024-03-17,Prodotto G,Categoria 2,4,20,55
808,2024-03-18,Prodotto H,Categoria 3,86,13,80
809,2024-03-19,Prodotto I,Categoria 4,14,35,95
810,2024-03-20,Prodotto L,Categoria 5,15,2,10
811,2024-03-21,Prodotto A,Categoria 1,47,10,80
812,2024-03-22,Prodotto B,Categoria 2,30,20,250
813,2024-03-23,Prodotto C,Categoria 3,26,15,100
814,2024-03-24,Prodotto D,Categoria 4,7,11,110
815,2024-03-25,Prodotto E,Categoria 5,67,50,500
816,2024-03-26,Prodotto F,Categoria 1,21,75,70
817,2024-03-27,Prodotto G,Categoria 2,99,20,55
818,2024-03-28,Prodotto H,Categoria 3,76,13,80
819,2024-03-29,Prodotto I,Categoria 4,8,35,95
820,2024-03-30,Prodotto L,Categoria 5,16,2,10
821,2024-03-31,Prodotto A,Categoria 1,38,10,80
822,2024-04-01,Prodotto B,Categoria 2,14,20,250
823,2024-04-02,Prodotto C,Categoria 3,1,15,100
824,2024-04-03,Prodotto D,Categoria 4,64,11,110
825,2024-04-04,Prodotto E,Categoria 5,41,50,500
826,2024-04-05,Prodotto F,Categoria 1,2,75,70
827,2024-04-06,Prodotto G,Categoria 2,71,20,55
828,2024-04-07,Prodotto H,Categoria 3,67,13,80
829,2024-04-08,Prodotto I,Categoria 4,99,35,95
830,2024-04-09,Prodotto L,Categoria 5,79,2,10
831,2024-04-10,Prodotto A,Categoria 1,66,10,80
832,2024-04-11,Prodotto B,Categoria 2,69,20,250
833,2024-04-12,Prodotto C,Categoria 3,37,15,100
834,2024-04-13,Prodotto D,Categoria 4,37,11,110
835,2024-04-14,Prodotto E,Categoria 5,16,50,500
836,2024-04-15,Prodotto F,Categoria 1,57,75,70
837,2024-04-16,Prodotto G,Categoria 2,11,20,55
838,2024-04-17,Prodotto H,Categoria 3,26,13,80
839,2024-04-18,Prodotto I,Categoria 4,92,35,95
840,2024-04-19,Prodotto L,Categoria 5,78,2,10
841,2024-04-20,Prodotto A,Categoria 1,1,10,80
842,2024-04-21,Prodotto B,Categoria 2,20,20,250
843,2024-04-22,Prodotto C,Categoria 3,42,15,100
844,2024-04-23,Prodotto D,Categoria 4,88,11,110
845,2024-04-24,Prodotto E,Categoria 5,89,50,500
846,2024-04-25,Prodotto F,Categoria 1,12,75,70
847,2024-04-26,Prodotto G,Categoria 2,67,20,55
848,2024-04-27,Prodotto H,Categoria 3,13,13,80
849,2024-04-28,Prodotto I,Categoria 4,21,35,95
850,2024-04-29,Prodotto L,Categoria 5,91,2,10
851,2024-04-30,Prodotto A,Categoria 1,87,10,80
852,2024-05-01,Prodotto B,Categoria 2,41,20,250
853,2024-05-02,Prodotto C,Categoria 3,100,15,100
854,2024-05-03,Prodotto D,Categoria 4,97,11,110
855,2024-05-04,Prodotto E,Categoria 5,15,50,500
856,2024-05-05,Prodotto F,Categoria 1,53,75,70
857,2024-05-06,Prodotto G,Categoria 2,88,20,55
858,2024-05-07,Prodotto H,Categoria 3,16,13,80
859,2024-05-08,Prodotto I,Categoria 4,43,35,95
860,2024-05-09,Prodotto L,Categoria 5,90,2,10
861,2024-05-10,Prodotto A,Categoria 1,25,10,80
862,2024-05-11,Prodotto B,Categoria 2,34,20,250
863,2024-05-12,Prodotto C,Categoria 3,91,15,100
864,2024-05-13,Prodotto D,Categoria 4,50,11,110
865,2024-05-14,Prodotto E,Categoria 5,75,50,500
866,2024-05-15,Prodotto F,Categoria 1,18,75,70
867,2024-05-16,Prodotto G,Categoria 2,24,20,55
868,2024-05-17,Prodotto H,Categoria 3,99,13,80
869,2024-05-18,Prodotto I,Categoria 4,10,35,95
870,2024-05-19,Prodotto L,Categoria 5,22,2,10
871,2024-05-20,Prodotto A,Categoria 1,45,10,80
872,2024-05-21,Prodotto B,Categoria 2,45,20,250
873,2024-05-22,Prodotto C,Categoria 3,14,15,100
874,2024-05-23,Prodotto D,Categoria 4,28,11,110
875,2024-05-24,Prodotto E,Categoria 5,61,50,500
876,2024-05-25,Prodotto F,Categoria 1,52,75,70
877,2024-05-26,Prodotto G,Categoria 2,29,20,55
878,2024-05-27,Prodotto H,Categoria 3,94,13,80
879,2024-05-28,Prodotto I,Categoria 4,30,35,95
880,2024-05-29,Prodotto L,Categoria 5,87,2,10
881,2024-05-30,Prodotto A,Categoria 1,11,10,80
882,2024-05-31,Prodotto B,Categoria 2,32,20,250
883,2024-06-01,Prodotto C,Categoria 3,19,15,100
884,2024-06-02,Prodotto D,Categoria 4,72,11,110
885,2024-06-03,Prodotto E,Categoria 5,5,50,500
886,2024-06-04,Prodotto F,Categoria 1,39,75,70
887,2024-06-05,Prodotto G,Categoria 2,31,20,55
888,2024-06-06,Prodotto H,Categoria 3,95,13,80
889,2024-06-07,Prodotto I,Categoria 4,58,35,95
890,2024-06-08,Prodotto L,Categoria 5,21,2,10
891,2024-06-09,Prodotto A,Categoria 1,14,10,80
892,2024-06-10,Prodotto B,Categoria 2,27,20,250
893,2024-06-11,Prodotto C,Categoria 3,96,15,100
894,2024-06-12,Prodotto D,Categoria 4,26,11,110
895,2024-06-13,Prodotto E,Categoria 5,48,50,500
896,2024-06-14,Prodotto F,Categoria 1,70,75,70
897,2024-06-15,Prodotto G,Categoria 2,55,20,55
898,2024-06-16,Prodotto H,Categoria 3,13,13,80
899,2024-06-17,Prodotto I,Categoria 4,73,35,95
900,2024-06-18,Prodotto L,Categoria 5,4,2,10
901,2024-06-19,Prodotto A,Categoria 1,78,10,80
902,2024-06-20,Prodotto B,Categoria 2,23,20,250
903,2024-06-21,Prodotto C,Categoria 3,87,15,100
904,2024-06-22,Prodotto D,Categoria 4,45,11,110
905,2024-06-23,Prodotto E,Categoria 5,33,50,500
906,2024-06-24,Prodotto F,Categoria 1,99,75,70
907,2024-06-25,Prodotto G,Categoria 2,54,20,55
908,2024-06-26,Prodotto H,Categoria 3,51,13,80
909,2024-06-27,Prodotto I,Categoria 4,48,35,95
910,2024-06-28,Prodotto L,Categoria 5,84,2,10
911,2024-06-29,Prodotto A,Categoria 1,77,10,80
912,2024-06-30,Prodotto B,Categoria 2,75,20,250
913,2024-07-01,Prodotto C,Categoria 3,5,15,100
914,2024-07-02,Prodotto D,Categoria 4,21,11,110
915,2024-07-03,Prodotto E,Categoria 5,27,50,500
916,2024-07-04,Prodotto F,Categoria 1,33,75,70
917,2024-07-05,Prodotto G,Categoria 2,53,20,55
918,2024-07-06,Prodotto H,Categoria 3,45,13,80
919,2024-07-07,Prodotto I,Categoria 4,17,35,95
920,2024-07-08,Prodotto L,Categoria 5,68,2,10
921,2024-07-09,Prodotto A,Categoria 1,22,10,80
922,2024-07-10,Prodotto B,Categoria 2,98,20,250
923,2024-07-11,Prodotto C,Categoria 3,30,15,100
924,2024-07-12,Prodotto D,Categoria 4,25,11,110
925,2024-07-13,Prodotto E,Categoria 5,22,50,500
926,2024-07-14,Prodotto F,Categoria 1,85,75,70
927,2024-07-15,Prodotto G,Categoria 2,81,20,55
928,2024-07-16,Prodotto H,Categoria 3,73,13,80
929,2024-07-17,Prodotto I,Categoria 4,47,35,95
930,2024-07-18,Prodotto L,Categoria 5,46,2,10
931,2024-07-19,Prodotto A,Categoria 1,57,10,80
932,2024-07-20,Prodotto B,Categoria 2,49,20,250
933,2024-07-21,Prodotto C,Categoria 3,98,15,100
934,2024-07-22,Prodotto D,Categoria 4,24,11,110
935,2024-07-23,Prodotto E,Categoria 5,32,50,500
936,2024-07-24,Prodotto F,Categoria 1,91,75,70
937,2024-07-25,Prodotto G,Categoria 2,92,20,55
938,2024-07-26,Prodotto H,Categoria 3,88,13,80
939,2024-07-27,Prodotto I,Categoria 4,56,35,95
940,2024-07-28,Prodotto L,Categoria 5,91,2,10
941,2024-07-29,Prodotto A,Categoria 1,20,10,80
942,2024-07-30,Prodotto B,Categoria 2,71,20,250
943,2024-07-31,Prodotto C,Categoria 3,100,15,100
944,2024-08-01,Prodotto D,Categoria 4,84,11,110
945,2024-08-02,Prodotto E,Categoria 5,81,50,500
946,2024-08-03,Prodotto F,Categoria 1,88,75,70
947,2024-08-04,Prodotto G,Categoria 2,5,20,55
948,2024-08-05,Prodotto H,Categoria 3,48,13,80
949,2024-08-06,Prodotto I,Categoria 4,26,35,95
950,2024-08-07,Prodotto L,Categoria 5,97,2,10
951,2024-08-08,Prodotto A,Categoria 1,81,10,80
952,2024-08-09,Prodotto B,Categoria 2,17,20,250
953,2024-08-10,Prodotto C,Categoria 3,9,15,100
954,2024-08-11,Prodotto D,Categoria 4,97,11,110
955,2024-08-12,Prodotto E,Categoria 5,91,50,500
956,2024-08-13,Prodotto F,Categoria 1,82,75,70
957,2024-08-14,Prodotto G,Categoria 2,37,20,55
958,2024-08-15,Prodotto H,Categoria 3,61,13,80
959,2024-08-16,Prodotto I,Categoria 4,76,35,95
960,2024-08-17,Prodotto L,Categoria 5,21,2,10
961,2024-08-18,Prodotto A,Categoria 1,65,10,80
962,2024-08-19,Prodotto B,Categoria 2,75,20,250
963,2024-08-20,Prodotto C,Categoria 3,29,15,100
964,2024-08-21,Prodotto D,Categoria 4,21,11,110
965,2024-08-22,Prodotto E,Categoria 5,31,50,500
966,2024-08-23,Prodotto F,Categoria 1,85,75,70
967,2024-08-24,Prodotto G,Categoria 2,75,20,55
968,2024-08-25,Prodotto H,Categoria 3,29,13,80
969,2024-08-26,Prodotto I,Categoria 4,33,35,95
970,2024-08-27,Prodotto L,Categoria 5,52,2,10
971,2024-08-28,Prodotto A,Categoria 1,52,10,80
972,2024-08-29,Prodotto B,Categoria 2,50,20,250
973,2024-08-30,Prodotto C,Categoria 3,45,15,100
974,2024-08-31,Prodotto D,Categoria 4,41,11,110
975,2024-09-01,Prodotto E,Categoria 5,86,50,500
976,2024-09-02,Prodotto F,Categoria 1,72,75,70
977,2024-09-03,Prodotto G,Categoria 2,5,20,55
978,2024-09-04,Prodotto H,Categoria 3,27,13,80
979,2024-09-05,Prodotto I,Categoria 4,4,35,95
980,2024-09-06,Prodotto L,Categoria 5,17,2,10
981,2024-09-07,Prodotto A,Categoria 1,64,10,80
982,2024-09-08,Prodotto B,Categoria 2,17,20,250
983,2024-09-09,Prodotto C,Categoria 3,47,15,100
984,2024-09-10,Prodotto D,Categoria 4,84,11,110
985,2024-09-11,Prodotto E,Categoria 5,38,50,500
986,2024-09-12,Prodotto F,Categoria 1,38,75,70
987,2024-09-13,Prodotto G,Categoria 2,47,20,55
988,2024-09-14,Prodotto H,Categoria 3,49,13,80
989,2024-09-15,Prodotto I,Categoria 4,23,35,95
990,2024-09-16,Prodotto L,Categoria 5,18,2,10
991,2024-09-17,Prodotto A,Categoria 1,89,10,80
992,2024-09-18,Prodotto B,Categoria 2,82,20,250
993,2024-09-19,Prodotto C,Categoria 3,99,15,100
994,2024-09-20,Prodotto D,Categoria 4,82,11,110
995,2024-09-21,Prodotto E,Categoria 5,98,50,500
996,2024-09-22,Prodotto F,Categoria 1,32,75,70
997,2024-09-23,Prodotto G,Categoria 2,53,20,55
998,2024-09-24,Prodotto H,Categoria 3,97,13,80
999,2024-09-25,Prodotto I,Categoria 4,99,35,95
1000,2024-09-26,Prodotto L,Categoria 5,100,2,10
